<?xml version="1.0" ?>
<manifest xmlns="http://www.imsproject.org/xsd/imscp_rootv1p1p2" xmlns:adlcp="http://www.adlnet.org/xsd/adlcp_rootv1p2" xmlns:xsi="http://www.w3.org/2001/XMLSchema-instance" identifier="adapt_manifest" version="1" xsi:schemaLocation="http://www.imsproject.org/xsd/imscp_rootv1p1p2 imscp_rootv1p1p2.xsd http://www.imsglobal.org/xsd/imsmd_rootv1p2p1 imsmd_rootv1p2p1.xsd http://www.adlnet.org/xsd/adlcp_rootv1p2 adlcp_rootv1p2.xsd">
	
    
	<metadata>
		
        
		<schema>ADL SCORM</schema>
		
        
		<schemaversion>1.2</schemaversion>
		
        
		<lom xmlns="http://www.imsglobal.org/xsd/imsmd_rootv1p2p1" xsi:schemaLocation="http://www.imsglobal.org/xsd/imsmd_rootv1p2p1 imsmd_rootv1p2p1.xsd">
			
            
			<general>
				
                
				<title>
					
                    
					<langstring xml:lang="x-none"><![CDATA[CRYSTALGEMS Copy of 00000000 - MeD StyleGuide]]></langstring>
					
                
				</title>
				
                
				<description>
					
                    
					<langstring xml:lang="x-none"><![CDATA[We are the Crystal Gems! We'll always save the day! And if you think we can't, we'll always find a way! That's why the people of this team believe in... Johanne, Ladan and Allan AND VINCENT!]]></langstring>
					
                
				</description>
				
            
			</general>
			
        
		</lom>
		
    
	</metadata>
	
    
	<organizations default="adapt_scorm">
		
        
		<organization identifier="adapt_scorm">
			
            
			<title><![CDATA[CRYSTALGEMS Copy of 00000000 - MeD StyleGuide]]></title>
			
            
			<item identifier="item_1" isvisible="true" identifierref="res1">
				
                
				<title><![CDATA[CRYSTALGEMS Copy of 00000000 - MeD StyleGuide]]></title>
				
                 
				<!-- <adlcp:masteryscore>70</adlcp:masteryscore> -->
				
            
			</item>
			
        
		</organization>
		
    
	</organizations>
	
    
	<resources>
		
        
		<resource identifier="res1" type="webcontent" href="launch.html" adlcp:scormtype="sco">
			
            
			<file href="launch.html"/>
			
        
		</resource>
		
    
	</resources>
	

</manifest>
