{
  "title": "CRYSTALGEMS Copy of 00000000 - MeD StyleGuide",
  "displayTitle": "MeD StyleGuide",
  "body": "<p>Modules will appear below.<br /><br /><a href=\"mailto:vincent.timbro@servicecanada.gc.ca?subject=Cool&amp;body=Awesome\" target=\"_blank\">vincent.timbro@servicecanada.gc.ca</a></p>",
  "description": "We are the Crystal Gems! We'll always save the day! And if you think we can't, we'll always find a way! That's why the people of this team believe in... Johanne, Ladan and Allan AND VINCENT!",
  "_htmlClassName": "",
  "_latestTrackingId": 35,
  "_buttons": {
    "_submit": {
      "buttonText": "Submit",
      "ariaLabel": "Submit"
    },
    "_reset": {
      "buttonText": "Reset",
      "ariaLabel": "Reset"
    },
    "_showCorrectAnswer": {
      "buttonText": "Correct answer",
      "ariaLabel": "Show correct answer"
    },
    "_hideCorrectAnswer": {
      "buttonText": "My answer",
      "ariaLabel": "Hide correct answer"
    },
    "_showFeedback": {
      "buttonText": "Show feedback",
      "ariaLabel": "Show feedback"
    },
    "remainingAttemptsText": "attempts remaining",
    "remainingAttemptText": "final attempt",
    "disabledAriaLabel": "This button is disabled at the moment"
  },
  "_classes": "",
  "_lockType": "",
  "_id": "course",
  "_start": {
    "_isEnabled": false,
    "_startIds": [],
    "_force": false,
    "_isMenuDisabled": false
  },
  "_globals": {
    "_accessibility": {
      "skipNavigationText": "Skip navigation",
      "_ariaLabels": {
        "answeredIncorrectly": "You answered incorrectly",
        "answeredCorrectly": "You answered correctly",
        "selectedAnswer": "selected",
        "unselectedAnswer": "not selected",
        "skipNavigation": "Skip Navigation",
        "previous": "Back",
        "navigationDrawer": "Open course resources.",
        "close": "Close",
        "closeDrawer": "Close Drawer",
        "closeResources": "Close resources",
        "drawer": "Top of side drawer",
        "closePopup": "Close popup",
        "next": "Next",
        "done": "Done",
        "complete": "Completed",
        "incomplete": "Incomplete",
        "incorrect": "Incorrect",
        "correct": "Correct",
        "locked": "Locked",
        "visited": "Visited"
      }
    },
    "_components": {
      "_text": {
        "ariaRegion": ""
      },
      "_narrative": {
        "ariaRegion": "Slide show. Select the next button to progress."
      },
      "_media": {
        "ariaRegion": "Media player{{#any _transcript._inlineTranscript _transcript._externalTranscript}} and transcript{{/any}}.",
        "skipToTranscript": "Skip to transcript"
      },
      "_hotgraphic": {
        "ariaRegion": "Image with selectable areas. Select each button to show more information.",
        "popupPagination": "{{itemNumber}} / {{totalItems}}"
      },
      "_accordion": {
        "ariaRegion": "Accordion. Select each button to expand the content."
      },
      "_graphic": {
        "ariaRegion": ""
      },
      "_matching": {
        "ariaRegion": "Matching. Select from lists and then submit."
      },
      "_textinput": {
        "ariaRegion": "Text input. Type your answer and then submit."
      },
      "_mcq": {
        "ariaRegion": "Multiple choice question. Select your option and then submit."
      },
      "_gmcq": {
        "ariaRegion": "Multiple choice question. Select your option and then submit."
      },
      "_assessmentResults": {
        "ariaRegion": "Assessment results."
      },
      "_slider": {
        "ariaRegion": "Slider. Respond to the question by selecting a value on the scale and then submit.",
        "labelStart": "Start of the scale",
        "labelEnd": "End of the scale"
      },
      "_textinputinline": {
        "ariaRegion": "This question requires you to input your answer in the textbox provided. When you have done so, select the submit button below."
      },
      "_imageSlider": {
        "ariaRegion": ""
      },
      "_expose": {
        "ariaRegion": ""
      },
      "_timedMcq": {
        "ariaRegion": "This component is a timed multiple choice question. You must select the correct answer within the time limit."
      },
      "_chat": {
        "ariaRegion": ""
      },
      "_imageTextReveal": {
        "ariaRegion": ""
      },
      "_hotgrid": {
        "ariaRegion": "Selectable image component. Select each item to show more information.",
        "popupPagination": "{{itemNumber}} / {{totalItems}}"
      },
      "_stacklist": {
        "ariaRegion": "This stacklist component presents a list of items. Select the button to access each item in turn.",
        "ariaButtonLabel": "Select this button to access the next item in the stacklist."
      },
      "_vimeo": {
        "ariaRegion": "This is a media component which displays a Vimeo video. Select the play / pause button to watch it.",
        "skipToTranscript ": "Skip to transcript"
      }
    },
    "_extensions": {
      "_trickle": {
        "incompleteContent": "There is incomplete content above. You must complete this before you can proceed through the course."
      },
      "_pageLevelProgress": {
        "pageLevelProgress": "Page sections",
        "pageLevelProgressIndicatorBar": "Page progress. Use this to listen to the list of regions in this topic and whether they're completed. You can jump directly to any that are incomplete or which sound particularly interesting. {{percentageComplete}}%",
        "pageLevelProgressMenuBar": "Page completion {{percentageComplete}}%",
        "pageLevelProgressEnd": "You have reached the end of the list of page sections.",
        "optionalContent": "Optional content"
      },
      "_resources": {
        "resources": "Additional resources."
      },
      "_glossary": {
        "glossary": "Glossary"
      },
      "_close": {
        "closeButton": "Select here to close the window."
      },
      "_languagePicker": {
        "navigationBarLabel": "Select course language",
        "languageSelector": "Language selector"
      }
    }
  },
  "_type": "course",
  "themeVariables": {
    "_colors": {
      "primary-color": "#1c4e8a",
      "primary-color-inverted": "#ffffff",
      "secondary-color": "#4b4e4f",
      "secondary-color-inverted": "#ffffff",
      "tertiary-color": "#ffffff",
      "tertiary-color-inverted": "#1e2326",
      "quaternary-color": "#0f2a4a",
      "quaternary-color-inverted": "#ffffff",
      "foreground-color": "#1e2326",
      "background-color": "#ffffff",
      "foreground-color-inverted": "#ffffff",
      "background-color-inverted": "#37474f",
      "validation-error": "#f26c4f",
      "validation-success": "#82ca9c",
      "disabled-color": "#7e7e7e",
      "disabled-color-inverted": "#d8d8d8"
    }
  },
  "_pageLevelProgress": {
    "_isEnabled": true,
    "_showPageCompletion": true,
    "_isCompletionIndicatorEnabled": false,
    "_isShownInNavigationBar": false
  },
  "_resources": {
    "_isEnabled": true,
    "_drawerOrder": 0,
    "title": "Resources",
    "description": "Click here to view resources for this course",
    "_filterButtons": {
      "all": "All",
      "document": "Documents",
      "media": "Media",
      "link": "Links"
    },
    "_filterAria": {
      "allAria": "View all resources",
      "documentAria": "View document resources",
      "mediaAria": "View media resources",
      "linkAria": "View resource links"
    },
    "_resourcesItems": [
      {
        "_type": "document",
        "_forceDownload": false,
        "title": "Resource",
        "filename": "Sample",
        "description": "Click this link for more information.",
        "_link": "course/en/assets/df8d28b9231a9830029076ba7ff211b3ca624734.pdf"
      }
    ]
  },
  "_bookmarking": {
    "_isEnabled": true,
    "_level": "page",
    "_showPrompt": true,
    "title": "Bookmarking",
    "body": "Would you like to continue where you left off?",
    "_buttons": {
      "yes": "Yes",
      "no": "No"
    }
  },
  "_glossary": {
    "_isEnabled": true,
    "_drawerOrder": 0,
    "title": "",
    "description": "",
    "clearSearch": "",
    "searchItemsAlert": "{{filteredItems.length}} found.",
    "searchPlaceholder": "",
    "searchWithInDescriptionLabel": "",
    "itemNotFoundMessage": "No results found",
    "_glossaryItems": [
      {
        "description": "<p>An example</p>",
        "term": "Example"
      }
    ]
  },
  "_pageIncompletePrompt": {
    "_isEnabled": true,
    "title": "Page incomplete",
    "message": "Are you sure you would like to leave?",
    "_buttons": {
      "yes": "Yes",
      "no": "No"
    }
  },
  "_search": {
    "_isEnabled": false,
    "_drawerOrder": 0,
    "_matchOn": {
      "_contentWordBeginsPhraseWord": false,
      "_contentWordContainsPhraseWord": false,
      "_contentWordEqualsPhraseWord": true,
      "_phraseWordBeginsContentWord": true
    },
    "_previewWords": 10,
    "_previewCharacters": 30,
    "_showFoundWords": true,
    "_showHighlights": true,
    "_ignoreWords": "a,an,and,are,as,at,be,by,for,from,has,he,in,is,it,its,of,on,that,the,to,was,were,will,wish",
    "_minimumWordLength": 2,
    "_frequencyImportance": 5,
    "title": "Search",
    "description": "Enter search criteria",
    "placeholder": "",
    "noResultsMessage": "No results found",
    "awaitingResultsMessage": "Formulating results..."
  },
  "_homeButton": {
    "_isEnabled": true,
    "_hideHomeButton": false,
    "_redirectToId": "",
    "alt": "Home"
  },
  "_close": {
    "_isEnabled": true,
    "_button": {
      "_closeViaLMSFinish": false,
      "_isEnabled": true,
      "_notifyPromptIfIncomplete": {
        "_isEnabled": false,
        "title": "Confirm close",
        "body": "Are you sure you want to close the window?",
        "confirm": "Close window",
        "cancel": "Cancel"
      },
      "_notifyPromptIfComplete": {
        "_isEnabled": false,
        "title": "Confirm close",
        "body": "Are you sure you want to close the window?",
        "confirm": "Close window",
        "cancel": "Cancel"
      }
    },
    "browserPromptIfIncomplete": "",
    "browserPromptIfComplete": ""
  },
  "_pagesInNavBar": {
    "_isEnabled": true
  }
}