{
  "97ce5fcdd632bf6680a68a5ef4d193234fec2598.png": {
    "title": "fraud triangle.png",
    "description": "fraud triangle",
    "tags": [
      {
        "title": "fraud",
        "_id": "5dcb322feb456b062dccb79b"
      }
    ]
  },
  "4de1177369437da4c34bfc6780dc6fe91e30ff5b.png": {
    "title": "4de1177369437da4c34bfc6780dc6fe91e30ff5b.png",
    "description": "4de1177369437da4c34bfc6780dc6fe91e30ff5b.png",
    "tags": []
  },
  "5e2cdabc6928203a09fbc2e4f941cd32de41c5ac.png": {
    "title": "5e2cdabc6928203a09fbc2e4f941cd32de41c5ac.png",
    "description": "5e2cdabc6928203a09fbc2e4f941cd32de41c5ac.png",
    "tags": []
  },
  "395b624d8a278b4fb2dbe3c5e709ef9d48b258e9.png": {
    "title": "395b624d8a278b4fb2dbe3c5e709ef9d48b258e9.png",
    "description": "395b624d8a278b4fb2dbe3c5e709ef9d48b258e9.png",
    "tags": []
  },
  "8e640ec749b4c58ba06fdbb7a2c8826bf0d18764.jpg": {
    "title": "Banff",
    "description": "Slider image 1",
    "tags": []
  },
  "2591975f4ac70c1535ed9630c65226523711707a.jpg": {
    "title": "Investinour Future",
    "description": "Slider Image 2",
    "tags": []
  },
  "92f75bc8a624b5ad077bf462c5d0b67b6584f450.jpg": {
    "title": "Protect Environment",
    "description": "Slider Image 3",
    "tags": []
  },
  "6c979a8cab773afcacf0313dadaeb9d70c6754b5.mp3": {
    "title": "3-04-08.mp3",
    "description": "This is a test of the audio player.",
    "tags": []
  },
  "df8d28b9231a9830029076ba7ff211b3ca624734.pdf": {
    "title": "Icons-list.pdf",
    "description": "old icons conversion chart",
    "tags": []
  },
  "35a8d78667aeb3a043df0a30ad990103b75fa87f.png": {
    "title": "option 2.png",
    "description": "graphic",
    "tags": []
  },
  "b79e6cd8c5a097d4897deed3ec864838ea3fc5bd.png": {
    "title": "Artboard 1.png",
    "description": "banner",
    "tags": []
  },
  "89d34db8749432db7d1ae62969bcf812a09b8dce.png": {
    "title": "Man on Monitor",
    "description": "Man working mouse in front of computer monitor",
    "tags": [
      {
        "title": "oas",
        "_id": "5e012c9ccfcd9e06886ffd98"
      },
      {
        "title": "monitor",
        "_id": "5e42d8d7e2e51b074f7a278c"
      },
      {
        "title": "fundamentals",
        "_id": "5e386fd0cfcd9e0688701964"
      },
      {
        "title": "Mini-lesson",
        "_id": "5e41d211e2e51b074f7a273c"
      },
      {
        "title": "CPPNOE",
        "_id": "5e99d54d9353260619100d91"
      }
    ]
  },
  "55229db1c67a4adc41edb98554970f2df1d23740.png": {
    "title": "C:\\Users\\farhin.halani\\Downloads\\Artboard 1 copy.png",
    "description": "HEADINGS PYRAMID",
    "tags": []
  },
  "1914b0d97638b5092a0382b571d57bc19ee3cd31.png": {
    "title": "C:\\Users\\farhin.halani\\Downloads\\Artboard 5.png",
    "description": "layout",
    "tags": []
  },
  "967f99a2a93c13c9bd1fafc9e0353f8b0bd61a0f.png": {
    "title": "Triangle petit.png",
    "description": "triangle de la fraude",
    "tags": [
      {
        "title": "fraud",
        "_id": "5dcb322feb456b062dccb79b"
      }
    ]
  },
  "72a240a67c7604b8c759f3604801de4954afdd1c.png": {
    "title": "fraud triangle - small.png",
    "description": "Fraud triangle",
    "tags": [
      {
        "title": "fraud",
        "_id": "5dcb322feb456b062dccb79b"
      }
    ]
  },
  "08280e018527c450351c64f21698c8d0054ef0e9.png": {
    "title": "Occasion-FR.png",
    "description": "Occasion",
    "tags": [
      {
        "title": "fraud",
        "_id": "5dcb322feb456b062dccb79b"
      }
    ]
  },
  "69a12c259ac3c63d0220f027901b0a5a52987d88.png": {
    "title": "Pression.png",
    "description": "Pression",
    "tags": [
      {
        "title": "fraud",
        "_id": "5dcb322feb456b062dccb79b"
      }
    ]
  },
  "07a05c5fdaf15f459724f2916adbeb3be46d02da.png": {
    "title": "4-1.png",
    "description": "4 steps to take in order to assess a reduction in work hours and layoffs averted on an application.",
    "tags": []
  },
  "d703a0b0f23000f922404f0df6a35e24221e1147.png": {
    "title": "thumbnail-Task1.png",
    "description": "Task1",
    "tags": []
  },
  "023759ade65341e7bef8bf51733af2ab33518e5e.png": {
    "title": "thumbnail-Task2.png",
    "description": "Task2",
    "tags": []
  },
  "2b0f79dea8d511992b29b825069ce8830cedb477.png": {
    "title": "thumbnail-Task3.png",
    "description": "Task3",
    "tags": []
  },
  "a9d0aac8518ccfc3a4373321f5c339dc80eb0f3c.png": {
    "title": "thumbnail-Task4.png",
    "description": "Task4",
    "tags": []
  },
  "841bd3f6934a69d94af4c4927e3f3a21daa3ce66.png": {
    "title": "thumbnail-Task5.png",
    "description": "Task5\r\n",
    "tags": []
  },
  "8521170e58b35cca1554c8da8c174798fab06af3.png": {
    "title": "Step2EN_Icon.png",
    "description": "step number  2 ",
    "tags": []
  },
  "65007bd3980b86a050934a84e47c44a75e8b9131.png": {
    "title": "Step3EN_Icon.png",
    "description": "Step number 3",
    "tags": []
  }
}